url,name,address,city,state,phone
https://www.4seasonsaccounting.com/,Results,"25 Curtis Ave, Rutland, VT 05701",Rutland,VT,(802) 775-3140
http://www.cpa-vermont.com/,Results,"66 Grove St, Rutland, VT 05701",Rutland,VT,(802) 775-3221
https://proctoraccountingservice.com/,Results,"45 Prospect St, Fair Haven, VT 05743",Fair Haven,VT,(802) 265-4827
https://www.jpwaccountingservices.com/,Results,"44 Sunset Lake Rd, Benson, VT 05743",Benson,VT,(518) 538-3047
https://splinternetmarketing.com/local-pros/vt/whiting/laurie-l-bertrand-cpa-tax-accounting-service/,Results,"116 Schoolhouse Rd, Whiting, VT 05778",Whiting,VT,(802) 623-6453
http://www.ampeisch.com/,Results,"49 Wales St, Rutland, VT 05701",Rutland,VT,(802) 773-2721
http://sewardassociatesplc.com/,Results,"50 Woodstock Ave, Rutland, VT 05701",Rutland,VT,(802) 775-2000
http://rtuepker.wixsite.com/sanborntuepker,Results,"43 Crescent St, Rutland, VT 05701",Rutland,VT,(802) 775-1984
http://www.stearnscpa.com/,Results,"900 Pearl St, Brandon, VT 05733",Brandon,VT,(802) 247-8300
http://laureatefinebooks.com/,Results,"95 Main St, Poultney, VT 05764",Poultney,VT,(802) 287-5757
http://bythenumbersvt.com/,Results,"55 VT-30, Castleton, VT 05735",Castleton,VT,(802) 797-8946
https://creativesolutionsbookkeeping.com/,Results,"148 Village St, East Dorset, VT 05253",East Dorset,VT,(802) 578-0631
