url,name,address,city,state,phone
http://bythenumbersvt.com/,Results,"55 VT-30, Castleton, VT 05735",Castleton,VT,(802) 797-8946
https://www.jpwaccountingservices.com/,Results,"44 Sunset Lake Rd, Benson, VT 05743",Benson,VT,(518) 538-3047
https://www.4seasonsaccounting.com/,Results,"25 Curtis Ave, Rutland, VT 05701",Rutland,VT,(802) 775-3140
http://www.cpa-vermont.com/,Results,"66 Grove St, Rutland, VT 05701",Rutland,VT,(802) 775-3221
http://www.stearnscpa.com/,Results,"900 Pearl St, Brandon, VT 05733",Brandon,VT,(802) 247-8300
https://www.cavacastax.com/,Results,"4 General Wing Rd Suite 2, Rutland, VT 05701",Rutland,VT,(802) 772-8800
http://rtuepker.wixsite.com/sanborntuepker,Results,"43 Crescent St, Rutland, VT 05701",Rutland,VT,(802) 775-1984
https://splinternetmarketing.com/local-pros/vt/whiting/laurie-l-bertrand-cpa-tax-accounting-service/,Results,"116 Schoolhouse Rd, Whiting, VT 05778",Whiting,VT,(802) 623-6453
http://www.vtcpa.com/,Results,,Bomoseen,VT,(802) 773-8344
https://www.bonadio.com/,Results,"135 N Main St #10, Rutland, VT 05701",Rutland,VT,(802) 775-8970
https://proctoraccountingservice.com/,Results,"45 Prospect St, Fair Haven, VT 05743",Fair Haven,VT,(802) 265-4827
http://www.saintsaccounting.com/,Results,,Bomoseen,VT,(802) 774-8869
http://sewardassociatesplc.com/,Results,"50 Woodstock Ave, Rutland, VT 05701",Rutland,VT,(802) 775-2000
http://dh-cpa.com/,Results,"225 S Main St, Rutland, VT 05701",Rutland,VT,(802) 775-7132
